{"codebleu":0.3911050352,"ngram_match_score":0.0000080663,"weighted_ngram_match_score":0.0000081091,"syntax_match_score":0.5644039652,"dataflow_match_score":0.0}