{"codebleu":0.2500131882,"ngram_match_score":0.0000052515,"weighted_ngram_match_score":0.0000089742,"syntax_match_score":0.0000385272,"dataflow_match_score":0.0}