{"codebleu":0.3910967114,"ngram_match_score":0.0000077697,"weighted_ngram_match_score":0.0000136379,"syntax_match_score":0.564365438,"dataflow_match_score":0.0}