{"codebleu":0.3911039677,"ngram_match_score":0.0000050868,"weighted_ngram_match_score":0.0000068189,"syntax_match_score":0.5644039652,"dataflow_match_score":0.0}