{"codebleu":0.3911045624,"ngram_match_score":0.0000061754,"weighted_ngram_match_score":0.0000081091,"syntax_match_score":0.5644039652,"dataflow_match_score":0.0}