{"codebleu":0.3911081935,"ngram_match_score":0.0000143886,"weighted_ngram_match_score":0.0000144203,"syntax_match_score":0.5644039652,"dataflow_match_score":0.0}