{"codebleu":0.3911050153,"ngram_match_score":0.0000071219,"weighted_ngram_match_score":0.0000089742,"syntax_match_score":0.5644039652,"dataflow_match_score":0.0}