{"codebleu":0.3911093965,"ngram_match_score":0.0000168029,"weighted_ngram_match_score":0.0000168177,"syntax_match_score":0.5644039652,"dataflow_match_score":0.0}