{"codebleu":0.3911092841,"ngram_match_score":0.0000165853,"weighted_ngram_match_score":0.0000165857,"syntax_match_score":0.5644039652,"dataflow_match_score":0.0}