{"codebleu":0.3911048595,"ngram_match_score":0.0000064983,"weighted_ngram_match_score":0.0000089742,"syntax_match_score":0.5644039652,"dataflow_match_score":0.0}