{"codebleu":0.3911083529,"ngram_match_score":0.0000102354,"weighted_ngram_match_score":0.0000192111,"syntax_match_score":0.5644039652,"dataflow_match_score":0.0}