{"codebleu":0.3911098022,"ngram_match_score":0.0000172952,"weighted_ngram_match_score":0.0000179485,"syntax_match_score":0.5644039652,"dataflow_match_score":0.0}