{"codebleu":0.3911087716,"ngram_match_score":0.0000106642,"weighted_ngram_match_score":0.0000204568,"syntax_match_score":0.5644039652,"dataflow_match_score":0.0}