{"codebleu":0.3911078221,"ngram_match_score":0.0000086694,"weighted_ngram_match_score":0.0000186537,"syntax_match_score":0.5644039652,"dataflow_match_score":0.0}