{"codebleu":0.3911094774,"ngram_match_score":0.0000110083,"weighted_ngram_match_score":0.0000229361,"syntax_match_score":0.5644039652,"dataflow_match_score":0.0}