{"codebleu":0.3911086049,"ngram_match_score":0.0000115558,"weighted_ngram_match_score":0.0000188986,"syntax_match_score":0.5644039652,"dataflow_match_score":0.0}