{"codebleu":0.3911051741,"ngram_match_score":0.0000065344,"weighted_ngram_match_score":0.0000101967,"syntax_match_score":0.5644039652,"dataflow_match_score":0.0}