{"codebleu":0.3910964768,"ngram_match_score":0.0000053762,"weighted_ngram_match_score":0.0000150928,"syntax_match_score":0.564365438,"dataflow_match_score":0.0}