{"codebleu":0.3910974068,"ngram_match_score":0.0000114976,"weighted_ngram_match_score":0.0000126915,"syntax_match_score":0.564365438,"dataflow_match_score":0.0}