{"codebleu":0.3911056413,"ngram_match_score":0.0000089566,"weighted_ngram_match_score":0.0000096434,"syntax_match_score":0.5644039652,"dataflow_match_score":0.0}