{"codebleu":0.3750034546,"ngram_match_score":0.0000068753,"weighted_ngram_match_score":0.0000197239,"syntax_match_score":0.4999872191,"dataflow_match_score":0.0}