{"codebleu":0.3750041305,"ngram_match_score":0.0000142101,"weighted_ngram_match_score":0.0000150928,"syntax_match_score":0.4999872191,"dataflow_match_score":0.0}