{"codebleu":0.391105542,"ngram_match_score":0.0000052548,"weighted_ngram_match_score":0.000012948,"syntax_match_score":0.5644039652,"dataflow_match_score":0.0}